Asset,Start,End,Return
Bitcoin,95549.1484375,74722.5078125,-21.796783085537378
Gold,4087.60009765625,4838.2998046875,18.365292325481803
Silver,50.59000015258789,79.6449966430664,57.432291762885534
